,pc_1,pc_2,pc_3,pc_4,pc_5,pc_6
return_1d,0.01340775090943816,0.5927078133274927,0.05865816481297619,0.059393499988793105,0.0039025535511576777,-0.17387010221480761
log_return_1d,0.013860111163539648,0.5935498692162331,0.05049941973336508,0.05225598508277623,-0.0009753151891492989,-0.1692277274438398
sma_5,0.49875652363874784,-0.01198275508050732,0.02540854348449831,-0.01546493679068609,0.01065882442107973,-0.013908266195165837
sma_20,0.49848475189635133,-0.0147205404669292,0.030025904199728455,-0.008083879329103314,0.009078723937904022,0.0011071354286736872
ema_5,0.49886103676023585,-0.008365005082812859,0.025959535770237557,-0.014805809966253412,0.010760564251552513,-0.014104125403287876
ema_20,0.4988494546320619,-0.013820210880578113,0.030275363559346673,-0.011029570111102536,0.012042164878766581,0.00013132829345701853
volatility_20,-0.057435290234367685,-0.021778311004472826,0.5337691978815837,-0.411532281487629,0.7317776049640231,-0.07759471451266427
volume_sma_20,-0.030200979850040752,0.005011491073197913,0.5091585816208463,-0.47044898746865993,-0.6670208629421747,-0.2375781406467926
volume_ratio,-0.01617219735350643,-0.07846767025634044,0.33776702916284806,0.6666200407372268,0.055075622945986696,-0.5739109419500811
high_low_spread,-0.010504413529792141,-0.08405586620340977,0.575439134827963,0.3968626173572771,-0.1248069911467575,0.6261411162612819
open_close_spread,0.009333005167309808,0.5310864098360177,0.03876341625739179,0.023088159231515203,0.02239592781515609,0.39603885567660946
