,pc_1,pc_2,pc_3,pc_4,pc_5
return_1d,-0.03706417264472473,0.5872484237280965,0.06053573934147492,0.0678828032431916,-0.22005513649425637
log_return_1d,-0.03688572934856141,0.5882694731326908,0.05129477561141876,0.05986714671012294,-0.22582044783760402
sma_5,0.49689814448415914,0.028486487213858186,0.022411922653707447,-0.016130718142480183,-0.019462497327361262
sma_20,0.4967945461960725,0.025626769970481456,0.027828962526033757,-0.009891623876009429,-0.007738123296827966
ema_5,0.49682493735445393,0.03087608181773379,0.02278393219006047,-0.015944640415834963,-0.019977217380261474
ema_20,0.4969351242304322,0.02646516028349354,0.028183975248307153,-0.01238217847559103,-0.010977101056142614
volatility_20,0.006462007350968912,-0.025111625228103288,0.6024058501598991,-0.25089225069722576,-0.2175959747952681
volume_sma_20,-0.09440005890233572,-0.03892263046938005,0.5811123960711481,-0.2746998426664876,-0.23810824132769443
volume_ratio,0.004264718501449739,-0.07168638104580238,0.12455721397410359,0.8402924000830309,-0.39455445346004364
high_low_spread,0.011159782708397459,-0.10261079542965573,0.5211001113783024,0.3824482642299633,0.6023997565827244
open_close_spread,-0.026032857117274946,0.536789427921692,0.05890526285753754,0.01665347127247635,0.526327258094562
