,count,mean,std,min,25%,50%,75%,max
open,1234.0,200.00182345127624,48.69911104163617,123.80026688503308,162.46717242923032,187.71248044276544,231.6529278654661,339.73698155301014
high,1234.0,202.22881652969963,49.153820484308916,125.5293813261351,164.16921428992362,189.2329541789104,233.8525882990054,344.2730974331505
low,1234.0,198.0294949301821,48.32247886666976,121.99252063798394,161.1265448465592,186.58523077613467,229.05849204352492,337.0593175600121
close,1234.0,200.23154730155363,48.773935905251676,122.82760620117188,162.56534957885742,187.9880142211914,231.7246780395508,339.78692626953125
volume,1234.0,63978715.721231766,28589953.03279516,17910600.0,45125650.0,55642250.0,75680200.0,318679900.0
return_1d,1234.0,0.0008347518907102024,0.01771314463537597,-0.092456112212191,-0.0077516935702051995,0.00114000399332495,0.00961880018320465,0.1532884009024953
log_return_1d,1234.0,0.0006783852393655244,0.017661820532076815,-0.0970133528138088,-0.0077818941523042,0.00113935468219445,0.009572834026866575,0.1426173408875497
sma_5,1234.0,199.9478366721971,48.502383312346566,124.96742553710938,162.29056549072266,187.8386749267578,231.054972076416,336.036181640625
sma_20,1234.0,198.939070752606,47.62001563186975,128.64773826599122,162.36641902923583,186.42438850402831,230.42101306915282,324.0874938964844
ema_5,1234.0,199.94996938470493,48.456715074453335,124.57682617254731,162.25259617067206,187.71978737392385,231.13257775469597,335.0199010318813
ema_20,1234.0,198.93340629925612,47.41204936707333,130.0590821776805,161.73075522229868,186.15541705715117,230.27107434635462,323.8083146468648
volatility_20,1234.0,0.016428541154293222,0.006723227528936324,0.005927299294271,0.012043420351207625,0.01536717817561495,0.019297310224334077,0.0506094151537424
volume_sma_20,1234.0,64350688.87358185,17937986.753508113,37800500.0,52028111.25,58632910.0,74598845.0,124268840.0
volume_ratio,1234.0,1.0003313809876466,0.3674001867734649,0.4054806652648508,0.7917962875546494,0.9216862301826,1.1097139288095477,5.245562368559471
high_low_spread,1234.0,0.021293890985456188,0.01149946909313054,0.0053823374908767,0.014222176290025625,0.0185342357297519,0.02513823731757935,0.1444304769382424
open_close_spread,1234.0,0.001261127578959922,0.015026417842948557,-0.0764863364366076,-0.006401111540342225,0.0010727478267448,0.009024803932820276,0.1564408818417745
target_return_1d,1234.0,0.0008194857275172614,0.01771639035913045,-0.092456112212191,-0.007766445280581025,0.0011371409471080999,0.00961880018320465,0.1532884009024953
target_direction_1d,1234.0,0.5316045380875203,0.49920246451670414,0.0,0.0,1.0,1.0,1.0
