,return_1d,log_return_1d,sma_5,sma_20,ema_5,ema_20,volatility_20,volume_sma_20,volume_ratio,high_low_spread,open_close_spread,target_return_1d,target_direction_1d
return_1d,1.0,0.999742592282942,0.009416561824202484,0.005046047741451575,0.015545694159616359,0.00653195977933068,-0.01377797605478077,0.018397367082278054,-0.03315571708360274,-0.048597030764361844,0.7418763980480543,0.007519600708072744,0.036598135911328954
log_return_1d,0.999742592282942,1.0,0.010021984183325054,0.005578112593933725,0.016139002998258482,0.0070651026978866835,-0.01914878315225651,0.016895812686784806,-0.04623072884858076,-0.05934088131730834,0.7423340120595953,0.009128739388976832,0.037568806726783505
sma_5,0.009416561824202484,0.010021984183325054,1.0,0.995643804248607,0.9998931134999273,0.9972283611611926,-0.07744607942775764,-0.029661494827895447,-0.025724906791790746,-0.005892837099324791,0.0021157722797834856,-0.0015367652787177265,-0.02286186070950205
sma_20,0.005046047741451575,0.005578112593933725,0.995643804248607,1.0,0.9958809274595755,0.9996377145808831,-0.07819006050854695,-0.03123720555630352,-0.01854643256850581,0.006809834074843667,0.0012363708994129012,0.0004990392762743721,-0.020950953194778056
ema_5,0.015545694159616359,0.016139002998258482,0.9998931134999273,0.9958809274595755,1.0,0.9974034696856496,-0.07752895704576199,-0.029690183249353505,-0.025747249055123152,-0.005610377387656157,0.006724487439894212,-0.0015027368315447185,-0.022897890627130418
ema_20,0.00653195977933068,0.0070651026978866835,0.9972283611611926,0.9996377145808831,0.9974034696856496,1.0,-0.07535807282406949,-0.03000649613699845,-0.021287830918436147,0.004987874860679829,0.0019248926261910817,-5.2084449584332346e-05,-0.021449228175933057
volatility_20,-0.01377797605478077,-0.01914878315225651,-0.07744607942775764,-0.07819006050854695,-0.07752895704576199,-0.07535807282406949,1.0,0.5316084142103115,-0.029125670697393084,0.24672684867570105,-0.009364766703983776,-0.022593686716270753,-0.04152471383420466
volume_sma_20,0.018397367082278054,0.016895812686784806,-0.029661494827895447,-0.03123720555630352,-0.029690183249353505,-0.03000649613699845,0.5316084142103115,1.0,-0.09680473314995501,0.2151025320249719,0.015169168468271344,0.017760471016900425,-0.014941365593943922
volume_ratio,-0.03315571708360274,-0.04623072884858076,-0.025724906791790746,-0.01854643256850581,-0.025747249055123152,-0.021287830918436147,-0.029125670697393084,-0.09680473314995501,1.0,0.5605363003256428,-0.07274711282963443,0.019521077330351817,-0.005908865135847379
high_low_spread,-0.048597030764361844,-0.05934088131730834,-0.005892837099324791,0.006809834074843667,-0.005610377387656157,0.004987874860679829,0.24672684867570105,0.2151025320249719,0.5605363003256428,1.0,-0.05388772359724691,0.005951825404561023,-0.05038937886951462
open_close_spread,0.7418763980480543,0.7423340120595953,0.0021157722797834856,0.0012363708994129012,0.006724487439894212,0.0019248926261910817,-0.009364766703983776,0.015169168468271344,-0.07274711282963443,-0.05388772359724691,1.0,-0.031488712248290585,-0.003227269421888426
target_return_1d,0.007519600708072744,0.009128739388976832,-0.0015367652787177265,0.0004990392762743721,-0.0015027368315447185,-5.2084449584332346e-05,-0.022593686716270753,0.017760471016900425,0.019521077330351817,0.005951825404561023,-0.031488712248290585,1.0,0.7295702615405093
target_direction_1d,0.036598135911328954,0.037568806726783505,-0.02286186070950205,-0.020950953194778056,-0.022897890627130418,-0.021449228175933057,-0.04152471383420466,-0.014941365593943922,-0.005908865135847379,-0.05038937886951462,-0.003227269421888426,0.7295702615405093,1.0
