timestamp,target_direction_1d,predicted_direction,probability_down,probability_up,volatility_20,model_uncertainty,volatility_risk,risk_score,risk_band
2025-12-02 00:00:00+00:00,1,0,0.6881518100920071,0.3118481899079929,0.0242844631733918,0.3118481899079929,1.0,65.59240949539964,HIGH
2025-12-03 00:00:00+00:00,0,0,0.6642551027394703,0.3357448972605297,0.0234428232027002,0.3357448972605297,0.9653424510691355,65.05436741648326,HIGH
2025-12-04 00:00:00+00:00,1,1,0.2437600299483913,0.7562399700516087,0.0232649123768052,0.2437600299483913,0.9580163337642271,60.08881818563092,HIGH
2025-12-05 00:00:00+00:00,0,0,0.7171306095698546,0.2828693904301453,0.0232805485056351,0.28286939043014536,0.9586602075331574,62.07647989816514,HIGH
2025-12-08 00:00:00+00:00,1,1,0.4790921674015463,0.5209078325984536,0.0234144533951084,0.47909216740154636,0.9641742223383113,72.16331948699289,HIGH
2025-12-09 00:00:00+00:00,1,0,0.6688674540802289,0.3311325459197711,0.0220781608657794,0.33113254591977115,0.9091475775330369,62.0140061726404,HIGH
2025-12-10 00:00:00+00:00,0,0,0.5084226342199094,0.4915773657800905,0.0221101463163303,0.4915773657800906,0.9104646933499492,70.102102956502,HIGH
2025-12-11 00:00:00+00:00,0,1,0.3606738810877875,0.6393261189122125,0.0226167882090886,0.36067388108778753,0.9313274931220035,64.60006871048955,HIGH
2025-12-12 00:00:00+00:00,0,1,0.4707091166954417,0.5292908833045583,0.021535755885461,0.4707091166954417,0.886812104171093,67.87606104332673,HIGH
2025-12-15 00:00:00+00:00,0,1,0.2437600299483913,0.7562399700516087,0.021419382362836,0.2437600299483913,0.8820200063678972,56.28900181581442,HIGH
2025-12-16 00:00:00+00:00,0,0,0.6097606285890882,0.3902393714109118,0.0206918793779704,0.3902393714109118,0.8520624578039777,62.11509146074447,HIGH
2025-12-17 00:00:00+00:00,1,1,0.3030044624569054,0.6969955375430946,0.0222077919947435,0.3030044624569054,0.9144856048980451,60.87450336774752,HIGH
2025-12-18 00:00:00+00:00,1,1,0.4072495201858778,0.5927504798141222,0.021647205168402,0.4072495201858778,0.891401428717625,64.93254744517513,HIGH
2025-12-19 00:00:00+00:00,1,0,0.5424756564120226,0.4575243435879774,0.0216217082279358,0.45752434358797744,0.8903515006099229,67.39379220989501,HIGH
2025-12-22 00:00:00+00:00,1,1,0.3562991603961757,0.6437008396038243,0.020359623677795,0.3562991603961757,0.8383806358998621,59.73398981480189,HIGH
2025-12-23 00:00:00+00:00,0,0,0.6170785653199375,0.3829214346800624,0.0152021458866235,0.38292143468006246,0.6260029623912096,50.4462198535636,HIGH
2025-12-24 00:00:00+00:00,0,0,0.5890206390448052,0.4109793609551949,0.014742377045232,0.41097936095519483,0.6070703288753382,50.90248449152666,HIGH
2025-12-26 00:00:00+00:00,1,0,0.6523411564916363,0.3476588435083637,0.0145762941243331,0.34765884350836374,0.6002312680440132,47.394505577618844,MODERATE
2025-12-29 00:00:00+00:00,1,0,0.7432491903341604,0.2567508096658396,0.0145733931342893,0.25675080966583963,0.6001118093587177,42.84313095122786,MODERATE
2025-12-30 00:00:00+00:00,0,0,0.5930615368021123,0.4069384631978877,0.0141024890456765,0.40693846319788773,0.5807206420411397,49.38295526195137,MODERATE
2025-12-31 00:00:00+00:00,1,0,0.6096470228068742,0.3903529771931258,0.0140945850880216,0.3903529771931258,0.5803951681939945,48.53740726935602,MODERATE
2026-01-02 00:00:00+00:00,1,1,0.1723450766582207,0.8276549233417793,0.0139003233069053,0.17234507665822074,0.5723957415758616,37.23704091170411,MODERATE
2026-01-05 00:00:00+00:00,0,0,0.617705533270269,0.382294466729731,0.0138780676341277,0.382294466729731,0.5714792843077435,47.68868755187373,MODERATE
2026-01-06 00:00:00+00:00,1,0,0.6402478953733403,0.3597521046266597,0.0136796144125356,0.35975210462665974,0.5633072600725304,46.15296823495951,MODERATE
2026-01-07 00:00:00+00:00,1,1,0.3982180103018105,0.6017819896981895,0.0137380200801795,0.3982180103018105,0.5657123232286265,48.19651667652185,MODERATE
2026-01-08 00:00:00+00:00,1,1,0.3886260233449804,0.6113739766550196,0.0137392905194978,0.3886260233449804,0.5657646381309256,47.7195330737953,MODERATE
2026-01-09 00:00:00+00:00,1,1,0.4673585981993318,0.5326414018006682,0.0137312047799316,0.4673585981993318,0.5654316787606292,51.63951384799805,HIGH
2026-01-12 00:00:00+00:00,1,0,0.5819702682680633,0.4180297317319367,0.0124136199056762,0.4180297317319367,0.5111753888501706,46.46025602910536,MODERATE
2026-01-13 00:00:00+00:00,0,0,0.5758913160604195,0.4241086839395804,0.012176373305521,0.42410868393958046,0.5014059079083333,46.275729592395685,MODERATE
2026-01-14 00:00:00+00:00,0,0,0.5432541554155685,0.4567458445844315,0.0120943894091995,0.45674584458443146,0.4980299264943678,47.73878855393996,MODERATE
2026-01-15 00:00:00+00:00,0,1,0.3748621416735365,0.6251378583264635,0.0122816723088894,0.3748621416735365,0.5057419726019015,44.0302057137719,MODERATE
2026-01-16 00:00:00+00:00,0,0,0.5936705879506854,0.4063294120493146,0.009294296709445,0.4063294120493146,0.3827260517592438,39.45277319042792,MODERATE
2026-01-20 00:00:00+00:00,1,1,0.3712720125990395,0.6287279874009605,0.0108713053317764,0.3712720125990395,0.4476650463366207,40.94685294678301,MODERATE
2026-01-21 00:00:00+00:00,1,0,0.8971453408150755,0.1028546591849245,0.0111579929455505,0.10285465918492454,0.4594704386043905,28.116254889465754,MODERATE
2026-01-22 00:00:00+00:00,0,1,0.3900361425128971,0.6099638574871029,0.0111192382830637,0.3900361425128971,0.4578745761712747,42.39553593420859,MODERATE
2026-01-23 00:00:00+00:00,1,1,0.3748621416735365,0.6251378583264635,0.0110463930615779,0.3748621416735365,0.4548749125194294,41.48685270964829,MODERATE
2026-01-26 00:00:00+00:00,1,0,0.77130193531011,0.22869806468989,0.0114515932427677,0.22869806468988996,0.4715604854430167,35.01292750664533,MODERATE
2026-01-27 00:00:00+00:00,1,1,0.4139839073326982,0.5860160926673018,0.0113964043780938,0.4139839073326982,0.4692878857038399,44.1635896518269,MODERATE
2026-01-28 00:00:00+00:00,1,1,0.4710987714961989,0.5289012285038011,0.0113751578677515,0.47109877149619894,0.468412984323867,46.9755877910033,MODERATE
2026-01-29 00:00:00+00:00,0,0,0.7813261439335093,0.2186738560664906,0.0113800243961024,0.2186738560664907,0.46861338110909356,34.36436185877921,MODERATE
2026-01-30 00:00:00+00:00,1,0,0.6611742925924009,0.3388257074075991,0.0113295667593726,0.3388257074075991,0.4665356066748996,40.268065704124936,MODERATE
2026-02-02 00:00:00+00:00,0,0,0.6750963482395405,0.3249036517604595,0.0116757213559983,0.32490365176045954,0.4807897655646451,40.28467086625523,MODERATE
2026-02-03 00:00:00+00:00,0,0,0.6625411174357365,0.3374588825642635,0.0122101758294791,0.3374588825642635,0.5027978482496432,42.01283654069534,MODERATE
2026-02-04 00:00:00+00:00,0,0,0.8070384576365153,0.1929615423634847,0.0130984099961338,0.19296154236348473,0.5393740805638056,36.61678114636452,MODERATE
2026-02-05 00:00:00+00:00,0,0,0.7923430666115134,0.2076569333884866,0.0122234520278349,0.20765693338848656,0.5033445434045251,35.55007383965058,MODERATE
2026-02-06 00:00:00+00:00,1,1,0.3485841045564202,0.6514158954435798,0.013416159399554,0.3485841045564202,0.552458553592979,45.05213290746996,MODERATE
2026-02-09 00:00:00+00:00,0,0,0.6611700227537709,0.338829977246229,0.0132651179702309,0.3388299772462291,0.5462388802057331,44.25344287259811,MODERATE
2026-02-10 00:00:00+00:00,0,1,0.3710858566121461,0.6289141433878539,0.0135491262419337,0.3710858566121461,0.5579339409396259,46.4509898775886,MODERATE
2026-02-11 00:00:00+00:00,0,1,0.4661112379012229,0.5338887620987771,0.0139675798629135,0.4661112379012229,0.5751652718524004,52.06382548768116,HIGH
2026-02-12 00:00:00+00:00,0,1,0.4967438036369473,0.5032561963630526,0.0139527791789838,0.49674380363694737,0.574555800528121,53.564980208253424,HIGH
2026-02-13 00:00:00+00:00,0,1,0.4548161483251508,0.5451838516748492,0.0139854468078921,0.4548161483251508,0.5759010074892572,51.53585779072041,HIGH
2026-02-17 00:00:00+00:00,1,0,0.5983754097115603,0.4016245902884396,0.0140699642905541,0.40162459028843966,0.5793813184213351,49.05029543548874,MODERATE
2026-02-18 00:00:00+00:00,0,0,0.613816792779675,0.3861832072203249,0.0133611582456016,0.38618320722032495,0.5501936835170095,46.81884453686672,MODERATE
2026-02-19 00:00:00+00:00,1,1,0.4609099866731249,0.5390900133268751,0.0122696198050841,0.4609099866731249,0.5052456674655991,48.307782706936194,MODERATE
2026-02-20 00:00:00+00:00,0,0,0.9327455954476696,0.0672544045523303,0.0155103822972702,0.06725440455233045,0.6386957037726385,35.29750541624845,MODERATE
2026-02-23 00:00:00+00:00,0,1,0.4058215977538025,0.5941784022461974,0.0155870232158498,0.40582159775380255,0.6418516688863156,52.3836633320059,HIGH
2026-02-24 00:00:00+00:00,1,0,0.5386062156205199,0.4613937843794801,0.0149576408214985,0.4613937843794801,0.6159345880821204,53.86641862308002,HIGH
2026-02-25 00:00:00+00:00,0,1,0.3796099038964795,0.6203900961035205,0.0150341035408414,0.37960990389647953,0.6190832152021416,49.93465595493106,MODERATE
2026-02-26 00:00:00+00:00,1,0,0.5591263588412678,0.4408736411587321,0.015251488299954,0.4408736411587322,0.6280348134960988,53.445422732741555,HIGH
2026-02-27 00:00:00+00:00,0,1,0.2494429480735632,0.7505570519264367,0.0156265817417892,0.24944294807356326,0.6434806332845381,44.64617906790507,MODERATE
2026-03-02 00:00:00+00:00,0,0,0.7239368210408113,0.2760631789591888,0.0158629754480987,0.27606317895918875,0.6532149932587175,46.46390861089531,MODERATE
2026-03-03 00:00:00+00:00,0,1,0.3346636355952721,0.6653363644047279,0.0150492903519587,0.3346636355952721,0.6197085867003241,47.71861111477981,MODERATE
2026-03-04 00:00:00+00:00,0,0,0.613816792779675,0.3861832072203249,0.0150274165481168,0.38618320722032495,0.6188078542572917,50.24955307388084,HIGH
2026-03-05 00:00:00+00:00,0,1,0.4034138421501176,0.5965861578498823,0.014665231842366,0.40341384215011766,0.6038935980447994,50.36537200974585,HIGH
2026-03-06 00:00:00+00:00,1,0,0.7082798450178418,0.2917201549821581,0.0146785367876134,0.2917201549821582,0.6044414769562005,44.80808159691794,MODERATE
2026-03-09 00:00:00+00:00,1,1,0.25608889249526,0.74391110750474,0.0154780823879579,0.25608889249526,0.6373656389867022,44.67272657409811,MODERATE
2026-03-10 00:00:00+00:00,1,0,0.6259194082729425,0.3740805917270575,0.0154311177707548,0.37408059172705754,0.6354317021783086,50.47561469526831,HIGH
2026-03-11 00:00:00+00:00,0,1,0.227202193235767,0.7727978067642329,0.0151015790397634,0.22720219323576707,0.6218617612395905,42.45319772376788,MODERATE
2026-03-12 00:00:00+00:00,0,1,0.3149405879142727,0.6850594120857273,0.0146000372933642,0.3149405879142727,0.601208978313397,45.807478311383484,MODERATE
2026-03-13 00:00:00+00:00,1,1,0.3645828258097653,0.6354171741902347,0.0145682078596924,0.3645828258097653,0.5998982870518881,48.22405564308267,MODERATE
2026-03-16 00:00:00+00:00,1,0,0.5555179876623766,0.4444820123376234,0.0146137301886871,0.4444820123376234,0.6017728324626583,52.31274224001409,HIGH
2026-03-17 00:00:00+00:00,0,0,0.809257684980186,0.1907423150198139,0.014810289479032,0.19074231501981398,0.6098668672758416,40.03045911478278,MODERATE
2026-03-18 00:00:00+00:00,0,0,0.6971442347899985,0.3028557652100014,0.0150278679893488,0.30285576521000146,0.6188264439715784,46.08411045907899,MODERATE
2026-03-19 00:00:00+00:00,0,0,0.5716584861917811,0.4283415138082189,0.0150299061667743,0.42834151380821894,0.6189103732481265,52.36259435281727,HIGH
2026-03-20 00:00:00+00:00,1,0,0.6399441714304757,0.3600558285695243,0.0127056578021494,0.36005582856952434,0.5232010982260805,44.162846339780245,MODERATE
2026-03-23 00:00:00+00:00,0,1,0.4876557175840602,0.5123442824159398,0.0125870120706632,0.48765571758406023,0.5183154340613402,50.29855758227002,HIGH
2026-03-24 00:00:00+00:00,1,0,0.5194588589272058,0.4805411410727943,0.0151548020382898,0.4805411410727942,0.6240534093788302,55.229727522581214,HIGH
2026-03-25 00:00:00+00:00,0,1,0.4830967958731427,0.5169032041268573,0.0150305896684429,0.4830967958731427,0.6189385188844422,55.10176573787924,HIGH
2026-03-26 00:00:00+00:00,0,0,0.5999946753561729,0.400005324643827,0.0163234020957675,0.4000053246438271,0.672174714310871,53.6090019477349,HIGH
2026-03-27 00:00:00+00:00,0,0,0.7119990514157349,0.288000948584265,0.0162456676372807,0.28800094858426506,0.6689737187635626,47.84873336739138,MODERATE
2026-03-30 00:00:00+00:00,1,0,0.5210227870664361,0.4789772129335639,0.0160648416520482,0.4789772129335639,0.661527559301795,57.02523861176794,HIGH
2026-03-31 00:00:00+00:00,1,0,0.9094634483420768,0.0905365516579231,0.0202900659161413,0.09053655165792318,0.8355163452150298,46.30264484364765,MODERATE
2026-04-01 00:00:00+00:00,0,1,0.4738398277953174,0.5261601722046826,0.0218558580744984,0.4738398277953174,0.8999934615991678,68.69166446972426,HIGH
2026-04-02 00:00:00+00:00,1,1,0.4657722121482996,0.5342277878517003,0.0218291044533634,0.46577221214829967,0.8988917851509806,68.233199864964,HIGH
2026-04-06 00:00:00+00:00,1,0,0.560298516326952,0.439701483673048,0.0220099164551024,0.43970148367304795,0.9063373687921752,67.30194262326116,HIGH
2026-04-07 00:00:00+00:00,1,1,0.3733878802933147,0.6266121197066853,0.0215491147631151,0.3733878802933147,0.8873622039430631,63.037504211818884,HIGH
2026-04-08 00:00:00+00:00,1,0,0.9350482985234272,0.0649517014765728,0.0231871186911693,0.06495170147657281,0.954812899326313,50.98823004014429,HIGH
2026-04-09 00:00:00+00:00,0,1,0.276574957557825,0.723425042442175,0.0231757232185031,0.276574957557825,0.954343649807193,61.5459303682509,HIGH
2026-04-10 00:00:00+00:00,1,0,0.5147935027811263,0.4852064972188736,0.0228139353415362,0.48520649721887366,0.9394457344452711,71.23261158320724,HIGH
2026-04-13 00:00:00+00:00,1,0,0.5064107423274253,0.4935892576725747,0.022878269861042,0.49358925767257467,0.9420949393729836,71.78420985227791,HIGH
2026-04-14 00:00:00+00:00,1,0,0.6279081932539443,0.3720918067460556,0.0239573741834999,0.3720918067460557,0.9865309359504274,67.93113713482416,HIGH
2026-04-15 00:00:00+00:00,0,0,0.7420669834966591,0.2579330165033409,0.0238425412240301,0.2579330165033409,0.9818022763687891,61.986764643606506,HIGH
2026-04-16 00:00:00+00:00,1,1,0.4694828152567928,0.5305171847432072,0.0236664071597279,0.4694828152567928,0.974549323604522,72.20160694306574,HIGH
2026-04-17 00:00:00+00:00,0,0,0.6247676639248838,0.3752323360751161,0.0237722231526538,0.3752323360751162,0.9789066772001263,67.70695066376213,HIGH
2026-04-20 00:00:00+00:00,0,0,0.6267855596368774,0.3732144403631225,0.0234005448720894,0.37321444036312257,0.963601488944137,66.84079646536298,HIGH
2026-04-21 00:00:00+00:00,1,0,0.6890569960700288,0.3109430039299712,0.0238679277687343,0.3109430039299712,0.9828476585344537,64.68953312322124,HIGH
2026-04-22 00:00:00+00:00,0,0,0.6016490195154485,0.3983509804845515,0.0217260982095242,0.39835098048455153,0.8946501330665291,64.65005567755404,HIGH
2026-04-23 00:00:00+00:00,1,0,0.5044005916683929,0.495599408331607,0.0217796587625642,0.4955994083316071,0.8968556812253489,69.6227544778478,HIGH
2026-04-24 00:00:00+00:00,1,1,0.4859478711841752,0.5140521288158247,0.019379595186185,0.48594787118417526,0.7980244425340641,64.19861568591196,HIGH
2026-04-27 00:00:00+00:00,0,1,0.329890292364802,0.670109707635198,0.0176991492255726,0.32989029236480205,0.7288260440101204,52.935816818746126,HIGH
2026-04-28 00:00:00+00:00,1,0,0.7998208517437913,0.2001791482562087,0.017635361990693,0.20017914825620875,0.7261993754927165,46.318926187446266,MODERATE
2026-04-29 00:00:00+00:00,1,1,0.3411185589815125,0.6588814410184874,0.0153809622845739,0.34111855898151255,0.6333663698782783,48.724246442989546,MODERATE
2026-04-30 00:00:00+00:00,1,0,0.912010494387897,0.0879895056121029,0.0240506016747917,0.08798950561210295,0.9903699127738455,53.91797091929742,HIGH
2026-05-01 00:00:00+00:00,0,0,0.7132192136549425,0.2867807863450576,0.0238000359909559,0.28678078634505755,0.9800519707198354,63.34163785324465,HIGH
2026-05-04 00:00:00+00:00,1,0,0.7618436034803681,0.2381563965196319,0.0241981520475001,0.23815639651963194,0.9964458293652434,61.73011129424377,HIGH
2026-05-05 00:00:00+00:00,1,0,0.5463723475202478,0.4536276524797522,0.0241615902440655,0.45362765247975223,0.9949402657802652,72.42839591300087,HIGH
2026-05-06 00:00:00+00:00,0,0,0.5272614480536748,0.4727385519463252,0.0235717293627784,0.4727385519463252,0.9706506252362073,72.16945885912662,HIGH
2026-05-07 00:00:00+00:00,1,0,0.7258104054927694,0.2741895945072305,0.0236519809819758,0.27418959450723057,0.9739552739173166,62.40724342122736,HIGH
2026-05-08 00:00:00+00:00,0,0,0.7903310546147706,0.2096689453852293,0.0234099852715551,0.2096689453852294,0.9639902313016803,58.68295883434549,HIGH
2026-05-11 00:00:00+00:00,0,0,0.6700795475695782,0.3299204524304218,0.0252594168759462,0.3299204524304218,1.0,66.49602262152109,HIGH
2026-05-12 00:00:00+00:00,1,0,0.8486304748326683,0.1513695251673317,0.0246434585008106,0.1513695251673317,0.9756147032941936,56.34921142307627,HIGH
2026-05-13 00:00:00+00:00,0,0,0.8295603480127537,0.1704396519872463,0.0255944086126633,0.1704396519872463,1.0,58.52198259936232,HIGH
2026-05-14 00:00:00+00:00,0,0,0.7178344889664212,0.2821655110335788,0.0256094510795545,0.2821655110335788,1.0,64.10827555167894,HIGH
2026-05-15 00:00:00+00:00,1,0,0.7471454328101408,0.2528545671898592,0.0259004931881652,0.2528545671898592,1.0,62.64272835949296,HIGH
2026-05-18 00:00:00+00:00,0,0,0.8643156900631135,0.1356843099368865,0.0255328949810258,0.13568430993688652,0.9858072892871643,56.074579961202545,HIGH
2026-05-19 00:00:00+00:00,1,1,0.4691313020055579,0.530868697994442,0.0259995061386407,0.46913130200555797,1.0,73.4565651002779,HIGH
2026-05-20 00:00:00+00:00,0,1,0.3689445946933153,0.6310554053066847,0.025826270196244,0.3689445946933153,0.9933369525762169,68.11407736347661,HIGH
2026-05-21 00:00:00+00:00,0,0,0.5417300175868627,0.4582699824131374,0.025862093971331,0.4582699824131373,0.9947148162516257,72.64923993323815,HIGH
2026-05-22 00:00:00+00:00,1,0,0.6652694521450275,0.3347305478549724,0.0260935667226212,0.33473054785497247,1.0,66.73652739274863,HIGH
2026-05-26 00:00:00+00:00,0,0,0.7976250307844988,0.2023749692155012,0.0260541059999444,0.20237496921550124,0.9984877221617008,60.043134568860104,HIGH
2026-05-27 00:00:00+00:00,1,0,0.629768973318632,0.3702310266813679,0.0260359148188491,0.370231026681368,0.9977905702051026,68.40107984432353,HIGH
2026-05-28 00:00:00+00:00,0,0,0.8334174394506821,0.1665825605493179,0.0260157228592125,0.16658256054931786,0.9970167411670396,58.17996508581788,HIGH
2026-05-29 00:00:00+00:00,0,1,0.2615283771064077,0.7384716228935922,0.0163382816852588,0.26152837710640775,0.6261421391309726,44.38352581186902,MODERATE
2026-06-01 00:00:00+00:00,0,0,0.7676482852505144,0.2323517147494856,0.0164692538808442,0.23235171474948557,0.6311614681087875,43.17565914291365,MODERATE
2026-06-02 00:00:00+00:00,0,0,0.8318336253430405,0.1681663746569595,0.0185329370357655,0.1681663746569595,0.7102492822377866,43.9207828447373,MODERATE
2026-06-03 00:00:00+00:00,1,0,0.8486295300076825,0.1513704699923175,0.0181559079465344,0.1513704699923175,0.6958001617615028,42.35853158769102,MODERATE
2026-06-04 00:00:00+00:00,0,0,0.9409063023830614,0.0590936976169386,0.0192694420664862,0.05909369761693861,0.7384748229831306,39.87842603000346,MODERATE
2026-06-05 00:00:00+00:00,0,0,0.5458918588818336,0.4541081411181664,0.0193067871529877,0.45410814111816644,0.7399060219793616,59.7007081548764,HIGH
2026-06-08 00:00:00+00:00,1,0,0.722870218988223,0.2771297810117769,0.0192476357226338,0.277129781011777,0.7376391248938581,50.73844529528175,HIGH
2026-06-09 00:00:00+00:00,0,0,0.7573399699078872,0.2426600300921128,0.0183058092000424,0.2426600300921128,0.7015449208088754,47.21024754504941,MODERATE
2026-06-10 00:00:00+00:00,1,1,0.2516052081212162,0.7483947918787838,0.0187756419158206,0.25160520812121623,0.7195506124328913,48.55779102770538,MODERATE
2026-06-11 00:00:00+00:00,1,1,0.3552270519095898,0.6447729480904102,0.0160099332954195,0.3552270519095898,0.6135586393998052,48.43928456546975,MODERATE
2026-06-12 00:00:00+00:00,1,1,0.356234124984323,0.643765875015677,0.016201343984705,0.35623412498432305,0.6208941903928997,48.85641576886114,MODERATE
2026-06-15 00:00:00+00:00,1,0,0.7988685706233176,0.2011314293766824,0.0176363113374526,0.20113142937668238,0.6758873374778319,43.85093834272571,MODERATE
2026-06-16 00:00:00+00:00,0,0,0.6848942485018392,0.3151057514981607,0.0178982046353574,0.3151057514981608,0.6859240373544248,50.05148944262927,HIGH
2026-06-17 00:00:00+00:00,1,0,0.6509017689744404,0.3490982310255596,0.0180255494916407,0.3490982310255596,0.6908043535502517,51.995129228790574,HIGH
2026-06-18 00:00:00+00:00,0,0,0.8325738501820246,0.1674261498179754,0.018276500642716,0.16742614981797543,0.7004217107227284,43.39239302703519,MODERATE
2026-06-22 00:00:00+00:00,0,0,0.7514628699906095,0.2485371300093904,0.0212450212457474,0.24853713000939048,0.8141861736107364,53.13616518100635,HIGH
2026-06-23 00:00:00+00:00,0,0,0.5028433503077979,0.4971566496922021,0.021215203755081,0.4971566496922021,0.8130434593554042,65.51000545238031,HIGH
2026-06-24 00:00:00+00:00,0,1,0.2358527097654781,0.7641472902345219,0.0206841472886262,0.23585270976547812,0.7926914518241988,51.42720807948385,HIGH
2026-06-25 00:00:00+00:00,0,1,0.2302310454912735,0.7697689545087265,0.020642494971374,0.2302310454912735,0.7910951841427825,51.0663114817028,HIGH
2026-06-26 00:00:00+00:00,1,0,0.8127346396089299,0.1872653603910701,0.0206941086696267,0.1872653603910701,0.7930732080289519,49.0169284210011,MODERATE
2026-06-29 00:00:00+00:00,1,0,0.8865461071674243,0.1134538928325756,0.0234990656754945,0.11345389283257568,0.9005693213692607,50.70116071009182,HIGH
2026-06-30 00:00:00+00:00,1,0,0.5766054064155814,0.4233945935844185,0.0236427088554227,0.42339459358441855,0.9060742483673653,66.47344209758919,HIGH
2026-07-01 00:00:00+00:00,0,0,0.5597295660744066,0.4402704339255934,0.0221454098017876,0.4402704339255934,0.8486923247096442,64.44813793176188,HIGH
2026-07-02 00:00:00+00:00,1,0,0.7221791008931089,0.2778208991068912,0.0220854392320464,0.2778208991068911,0.8463940352355108,56.210746717120095,HIGH
2026-07-06 00:00:00+00:00,1,0,0.5807792641135057,0.4192207358864943,0.0208734011227009,0.41922073588649433,0.79994434431247,60.958254009948206,HIGH
2026-07-07 00:00:00+00:00,0,1,0.462749946383757,0.537250053616243,0.0207663106437652,0.462749946383757,0.7958402492274979,62.92950978056274,HIGH
2026-07-08 00:00:00+00:00,0,0,0.6684689680285383,0.3315310319714618,0.0207784896296946,0.3315310319714617,0.7963069920863359,56.39190120288988,HIGH
2026-07-09 00:00:00+00:00,0,1,0.4870557965231089,0.5129442034768911,0.0208462224508435,0.48705579652310893,0.7989027591529432,64.2979277838026,HIGH
2026-07-10 00:00:00+00:00,0,1,0.4955708323416959,0.504429167658304,0.0202770449031846,0.49557083234169597,0.7770898136974849,63.63303230195905,HIGH
2026-07-13 00:00:00+00:00,1,0,0.5192963389967993,0.4807036610032006,0.0204673670268134,0.4807036610032007,0.784383646911317,63.254365395725884,HIGH
2026-07-14 00:00:00+00:00,1,0,0.6665489100341693,0.3334510899658306,0.0209367351500386,0.3334510899658307,0.8023715336657289,56.79113118157798,HIGH
2026-07-15 00:00:00+00:00,0,0,0.9046345847652636,0.0953654152347365,0.0212752334279553,0.0953654152347364,0.8153440138756975,45.535471455521694,MODERATE
2026-07-16 00:00:00+00:00,0,0,0.5746524114628804,0.4253475885371196,0.0234156775600976,0.4253475885371196,0.8973735867162204,66.13605876266699,HIGH
2026-07-17 00:00:00+00:00,1,0,0.6761191355050131,0.3238808644949869,0.0232359198170875,0.3238808644949869,0.8904846188368594,60.71827416659231,HIGH
2026-07-20 00:00:00+00:00,0,0,0.5468222818497099,0.45317771815029,0.023353933239903,0.45317771815029007,0.8950073206993531,67.40925194248216,HIGH
2026-07-21 00:00:00+00:00,0,0,0.5488906078423084,0.4511093921576917,0.0205646078987207,0.45110939215769164,0.7881102693750448,61.96098307663682,HIGH
2026-07-22 00:00:00+00:00,0,0,0.6309080742819257,0.3690919257180742,0.0207013541034808,0.36909192571807425,0.7933508793006151,58.12214025093447,HIGH
2026-07-23 00:00:00+00:00,1,0,0.6173244886526457,0.3826755113473544,0.026429666746475,0.38267551134735434,1.0,69.13377556736772,HIGH
2026-07-24 00:00:00+00:00,1,0,0.8107842116589157,0.1892157883410843,0.026535058914746,0.18921578834108432,1.0,59.460789417054215,HIGH
2026-07-27 00:00:00+00:00,1,0,0.6729184224194947,0.3270815775805052,0.0268398449706454,0.32708157758050527,1.0,66.35407887902527,HIGH
2026-07-28 00:00:00+00:00,1,1,0.31144344741673,0.68855655258327,0.0249480227053772,0.31144344741673,0.9295144116019569,62.04789295093435,HIGH
2026-07-29 00:00:00+00:00,0,1,0.2286222478687508,0.7713777521312492,0.0249075900220475,0.22862224786875085,0.9280079690955295,57.831510848214016,HIGH
2026-07-30 00:00:00+00:00,1,0,0.795343183037706,0.204656816962294,0.0247285619771093,0.20465681696229399,0.9213377351528967,56.29972760575954,HIGH
2026-07-31 00:00:00+00:00,1,0,0.9326640853311816,0.0673359146688184,0.0291658060137436,0.06733591466881839,1.0,53.36679573344092,HIGH
2026-08-03 00:00:00+00:00,1,0,0.8770848287831106,0.1229151712168894,0.0308603036044579,0.12291517121688944,1.0,56.14575856084447,HIGH
2026-08-04 00:00:00+00:00,0,0,0.7627254139044208,0.2372745860955791,0.0309425389976002,0.23727458609557917,1.0,61.86372930477896,HIGH
2026-08-05 00:00:00+00:00,0,0,0.5746524114628804,0.4253475885371196,0.0322225785582809,0.4253475885371196,1.0,71.26737942685598,HIGH
2026-08-06 00:00:00+00:00,0,0,0.7951451753151892,0.2048548246848107,0.0323023770253028,0.20485482468481075,1.0,60.24274123424054,HIGH
2026-08-07 00:00:00+00:00,1,0,0.7091299180939641,0.2908700819060359,0.0323579891487543,0.2908700819060359,1.0,64.5435040953018,HIGH
2026-08-10 00:00:00+00:00,0,0,0.8227876178207091,0.1772123821792909,0.0322781623970628,0.17721238217929092,0.9975330125946787,58.73726973869849,HIGH
2026-08-11 00:00:00+00:00,0,1,0.4010414261568004,0.5989585738431996,0.033126923330574,0.4010414261568004,1.0,70.05207130784001,HIGH
2026-08-12 00:00:00+00:00,1,0,0.5861271747336754,0.4138728252663247,0.0321842042938897,0.41387282526632463,0.971542209722379,69.27075174943518,HIGH
2026-08-13 00:00:00+00:00,0,0,0.7074233502113699,0.29257664978863,0.0307403585985534,0.29257664978863007,0.9279569458290756,61.02667978088528,HIGH
2026-08-14 00:00:00+00:00,0,0,0.5263289334531318,0.4736710665468681,0.0303501519523185,0.4736710665468682,0.9161778064764402,69.49244365116543,HIGH
2026-08-17 00:00:00+00:00,1,0,0.6612260200732081,0.3387739799267918,0.0301597166934711,0.3387739799267919,0.9104291513131748,62.46015656199834,HIGH
2026-08-18 00:00:00+00:00,1,0,0.798058761575581,0.201941238424419,0.0300122016239147,0.20194123842441902,0.9059761247497254,55.39586815870723,HIGH
2026-08-19 00:00:00+00:00,0,0,0.6112002404710308,0.3887997595289691,0.029825198577239,0.38879975952896917,0.9003310775230453,64.45654185260072,HIGH
2026-08-20 00:00:00+00:00,1,0,0.6542042410617324,0.3457957589382676,0.0244135093109099,0.34579575893826764,0.7369688113588808,54.138228514857424,HIGH
2026-08-21 00:00:00+00:00,1,0,0.5933702219581267,0.4066297780418733,0.0244823838451715,0.4066297780418733,0.7390479218628748,57.2838849952374,HIGH
2026-08-24 00:00:00+00:00,0,0,0.6066504490086554,0.3933495509913446,0.0241837521059337,0.3933495509913446,0.730033147497693,56.16913492445188,HIGH
2026-08-25 00:00:00+00:00,0,0,0.6253534174821032,0.3746465825178968,0.0238201772516896,0.37464658251789684,0.7190579400926473,54.68522613052721,HIGH
2026-08-26 00:00:00+00:00,0,1,0.3707341875859296,0.6292658124140704,0.0240301320435128,0.3707341875859296,0.7253958299633141,54.806500877462184,HIGH
2026-08-27 00:00:00+00:00,1,0,0.7040779055956086,0.2959220944043915,0.0239462097652025,0.29592209440439143,0.7228624743156182,50.939228436000484,HIGH
2026-08-28 00:00:00+00:00,0,0,0.6818669923469818,0.3181330076530183,0.0190993293189057,0.3181330076530182,0.5765500504925628,44.734152907279054,MODERATE
